ask,a0,a1,a2,a3,a4,a5,a6,a7,a8,a9,bid,b0,b1,b2,b3,b4,b5,b6,b7,b8,b9,ask_pade,bid_pade
48906.89026,48959.04345,48954.54,48954.54,48953.16,48953.14,48949.77,48949.77,48949.75,48947.89,48941.26,48616.85,48657.69553,48654.9872,48654.9872,48657.0,48653.87015,48653.87015,48653.00922,48653.00922,48649.89218,48649.89218,-257.58914012013724,-179.8802776749774,
48911.57033,48954.54,48954.54,48953.16,48953.14,48949.77,48949.77,48949.75,48947.89,48941.26,48941.26,48616.85,48654.9872,48654.9872,48657.0,48653.87015,48653.87015,48653.00922,48653.00922,48649.89218,48649.89218,48645.69452,-125.38272157486728,-50.1117686324391,